name,Letter,color,marker,code,res_name,Molecular_Weight,Molecular_Formula,Residue_Formula,Residue_Weight_(-H2O),pKa1,pKb2,pKx3,pl4,Levy_2012_hydrophobicity
Alanine,A,gray,o,Ala,ALA,89.1,C3H7NO2,C3H5NO,71.08,2.34,9.69,–,6.0,0.0062
Cysteine,C,green,P,Cys,CYS,121.16,C3H7NO2S,C3H5NOS,103.15,1.96,10.28,8.18,5.07,1.0372
Aspartic acid,D,red,d,Asp,ASP,133.11,C4H7NO4,C4H5NO3,115.09,1.88,9.6,3.65,2.77,-0.7485
Glutamic acid,E,blue,^,Glu,GLU,147.13,C5H9NO4,C5H7NO3,129.12,2.19,9.67,4.25,3.22,-0.7893
Phenylalanine,F,gray,p,Phe,PHE,165.19,C9H11NO2,C9H9NO,147.18,1.83,9.13,–,5.48,1.2727
Glycine,G,green,o,Gly,GLY,75.07,C2H5NO2,C2H3NO,57.05,2.34,9.6,–,5.97,-0.1771
Histidine,H,blue,p,His,HIS,155.16,C6H9N3O2,C6H7N3O,137.14,1.82,9.17,6,7.59,0.1204
Isoleucine,I,gray,^,Ile,ILE,131.18,C6H13NO2,C6H11NO,113.16,2.36,9.6,–,6.02,1.1109
Lysine,K,blue,s,Lys,LYS,146.19,C6H14N2O2,C6H12N2O,128.18,2.18,8.95,10.53,9.74,-1.1806
Leucine,L,gray,^,Leu,LEU,131.18,C6H13NO2,C6H11NO,113.16,2.36,9.6,–,5.98,0.9138
Methionine,M,gray,s,Met,MET,149.21,C5H11NO2S,C5H9NOS,131.2,2.28,9.21,–,5.74,1.0124
Asparagine,N,purple,d,Asn,ASN,132.12,C4H8N2O3,C4H6N2O2,114.11,2.02,8.8,–,5.41,-0.2693
Proline,P,gray,p,Pro,PRO,115.13,C5H9NO2,C5H7NO,97.12,1.99,10.6,–,6.3,-0.1799
Glutamine,Q,purple,^,Gln,GLN,146.15,C5H10N2O3,C5H8N2O2,128.13,2.17,9.13,–,5.65,-0.4114
Arginine,R,blue,^,Arg,ARG,174.2,C6H14N4O2,C6H12N4O,156.19,2.17,9.04,12.48,10.76,-0.0876
Serine,S,purple,d,Ser,SER,105.09,C3H7NO3,C3H5NO2,87.08,2.21,9.15,–,5.68,0.1376
Threonine,T,purple,d,Thr,THR,119.12,C4H9NO3,C4H7NO2,101.11,2.09,9.1,–,5.6,0.1031
Valine,V,gray,d,Val,VAL,117.15,C5H11NO2,C5H9NO,99.13,2.32,9.62,–,5.96,0.7599
Tryptophan,W,gray,p,Trp,TRP,204.23,C11H12N2O2,C11H10N2O,186.22,2.83,9.39,–,5.89,0.7925
Tyrosine,Y,gray,p,Tyr,TYR,181.19,C9H11NO3,C9H9NO2,163.18,2.2,9.11,10.07,5.66,0.8806
